"user_id","data_wpisu","zjedzone_kcal","bialko_g","spalone_kcal","cardio_min","trening_silowy","kroki","waga_czczo"
1,"2026-05-06",2800,160.00,600,60,1,8000,79.50
1,"2026-05-07",2500,120.00,650,80,1,10000,79.50
1,"2026-05-08",2850,143.00,653,63,1,6400,79.40
1,"2026-05-10",2800,190.50,400,30,1,12500,82.10
1,"2026-05-11",2650,185.00,250,15,0,10500,81.90
1,"2026-05-12",3000,200.00,500,45,1,15000,82.00
2,"2026-05-10",1950,120.00,200,40,0,11000,62.50
2,"2026-05-11",2100,135.00,450,20,1,13500,62.30
2,"2026-05-12",1800,115.00,150,0,0,8500,62.80
1,"2026-05-13",2500,160.00,400,0,1,8500,82.00
1,"2026-05-14",2600,165.00,450,20,1,10200,82.10
1,"2026-05-15",2400,150.00,300,0,0,6000,82.00
2,"2026-05-13",1800,100.00,200,0,0,12000,60.50
2,"2026-05-14",1900,110.00,350,30,1,10500,60.30
2,"2026-05-15",1850,105.00,250,15,0,11000,60.20
6,"2026-05-13",2200,130.00,150,0,0,5000,75.00
6,"2026-05-14",2100,120.00,500,45,1,8000,74.80
6,"2026-05-15",2400,112.00,200,50,0,3000,73.80
6,"2026-05-16",2450,135.00,250,50,0,3400,73.80
16,"2026-02-11",1576,88.00,2102,43,0,12340,64.88
16,"2026-02-12",1631,106.00,2311,20,1,8894,64.78
16,"2026-02-13",1675,106.00,2450,50,1,5921,64.79
16,"2026-02-14",1696,104.00,2468,55,1,14761,64.73
16,"2026-02-15",1559,82.00,2267,27,1,14165,64.64
16,"2026-02-16",1702,103.00,2245,52,0,6177,64.55
16,"2026-02-17",1669,148.00,2322,25,0,10876,64.41
16,"2026-02-18",1609,113.00,2166,54,0,14178,64.35
16,"2026-02-19",1690,135.00,2364,24,1,6439,64.28
16,"2026-02-20",1736,114.00,2072,34,0,5081,64.29
16,"2026-02-21",1673,130.00,2492,44,1,10205,64.22
16,"2026-02-22",1770,126.00,2040,26,0,7426,64.16
16,"2026-02-23",1744,116.00,2178,34,1,3348,64.03
16,"2026-02-24",1660,135.00,2059,19,0,13690,63.91
16,"2026-02-25",1516,122.00,2032,22,0,13260,63.87
16,"2026-02-26",1661,87.00,2201,39,1,3518,63.87
16,"2026-02-27",1767,140.00,2132,34,0,9599,63.83
16,"2026-02-28",1788,128.00,2492,40,0,11046,63.71
16,"2026-03-01",1788,146.00,2196,19,1,3698,63.63
16,"2026-03-02",1786,90.00,2133,45,0,3420,63.67
16,"2026-03-03",1553,149.00,2349,36,0,13876,63.67
16,"2026-03-04",1640,127.00,2206,49,0,10261,63.70
16,"2026-03-05",1689,96.00,2330,39,1,7978,63.57
16,"2026-03-06",1554,120.00,2285,36,1,13142,63.60
16,"2026-03-07",1619,110.00,2047,39,0,12874,63.46
16,"2026-03-08",1658,138.00,2309,27,1,11365,63.37
16,"2026-03-09",1635,88.00,2356,34,1,12683,63.25
16,"2026-03-10",1680,126.00,2202,56,1,4161,63.12
16,"2026-03-11",1623,135.00,2040,38,1,10054,63.03
16,"2026-03-12",1675,84.00,2131,34,0,10933,62.89
16,"2026-03-13",1766,116.00,2046,37,1,7044,62.76
16,"2026-03-14",1650,86.00,2483,28,0,5726,62.71
16,"2026-03-15",1627,122.00,2114,27,0,9077,62.67
16,"2026-03-16",1531,147.00,2160,32,0,10577,62.54
16,"2026-03-17",1767,82.00,2044,35,0,14325,62.43
16,"2026-03-18",1710,111.00,2200,18,0,4487,62.40
16,"2026-03-19",1561,106.00,2389,23,1,4178,62.42
16,"2026-03-20",1744,140.00,2410,48,1,9335,62.42
16,"2026-03-21",1513,132.00,2134,24,1,14353,62.40
16,"2026-03-22",1574,111.00,2468,57,0,9311,62.26
16,"2026-03-23",1786,109.00,2154,17,0,7147,62.19
16,"2026-03-24",1692,134.00,2286,29,0,11348,62.10
16,"2026-03-25",1611,118.00,2471,50,0,10292,62.10
16,"2026-03-26",1641,105.00,2282,53,1,6433,62.04
16,"2026-03-27",1786,117.00,2093,56,1,4968,62.02
16,"2026-03-28",1690,119.00,2407,50,1,10604,62.07
16,"2026-03-29",1676,91.00,2117,37,1,13807,62.00
16,"2026-03-30",1567,132.00,2416,34,1,9675,61.93
16,"2026-03-31",1794,106.00,2273,21,1,11009,61.80
16,"2026-04-01",1582,110.00,2134,25,1,9570,61.72
16,"2026-04-02",1619,99.00,2113,28,1,14760,61.67
16,"2026-04-03",1652,128.00,2260,46,0,14102,61.56
16,"2026-04-04",1670,101.00,2339,49,1,9082,61.60
16,"2026-04-05",1792,117.00,2131,15,1,9861,61.54
16,"2026-04-06",1779,113.00,2442,33,0,3418,61.53
16,"2026-04-07",1659,126.00,2481,45,1,6082,61.44
16,"2026-04-08",1766,134.00,2283,29,1,13982,61.49
16,"2026-04-09",1667,90.00,2314,44,1,14625,61.52
16,"2026-04-10",1719,101.00,2126,19,0,12168,61.43
16,"2026-04-11",1679,104.00,2192,59,1,12190,61.41
16,"2026-04-12",1601,80.00,2326,40,1,9280,61.42
16,"2026-04-13",1500,94.00,2360,46,1,5579,61.44
16,"2026-04-14",1559,83.00,2065,55,1,9014,61.39
16,"2026-04-15",1775,133.00,2077,23,0,8059,61.31
16,"2026-04-16",1560,94.00,2140,48,0,12616,61.27
16,"2026-04-17",1574,90.00,2403,26,0,9810,61.20
16,"2026-04-18",1593,85.00,2491,39,1,3751,61.10
16,"2026-04-19",1582,130.00,2036,44,0,7437,61.14
16,"2026-04-20",1734,138.00,2157,47,1,6580,61.06
16,"2026-04-21",1598,113.00,2342,28,0,4584,61.07
16,"2026-04-22",1783,85.00,2246,57,1,14906,61.09
16,"2026-04-23",1726,115.00,2391,26,1,4249,60.94
16,"2026-04-24",1524,100.00,2473,17,0,10011,60.93
16,"2026-04-25",1610,147.00,2360,56,0,5740,60.94
16,"2026-04-26",1785,120.00,2016,38,1,7349,60.92
16,"2026-04-27",1640,95.00,2369,58,1,9570,60.95
16,"2026-04-28",1607,90.00,2100,46,0,9618,60.85
16,"2026-04-29",1517,121.00,2273,51,0,11713,60.71
16,"2026-04-30",1671,134.00,2171,54,1,9937,60.60
16,"2026-05-01",1516,102.00,2417,18,0,13851,60.53
16,"2026-05-02",1744,99.00,2310,56,0,3547,60.47
16,"2026-05-03",1688,142.00,2022,46,1,5970,60.50
16,"2026-05-04",1569,86.00,2187,59,1,8141,60.47
16,"2026-05-05",1624,110.00,2416,59,0,5236,60.35
16,"2026-05-06",1541,97.00,2239,19,1,6198,60.25
16,"2026-05-07",1631,109.00,2282,27,1,5539,60.28
16,"2026-05-08",1574,91.00,2374,19,1,14440,60.31
16,"2026-05-09",1524,147.00,2310,23,1,4066,60.22
16,"2026-05-10",1593,103.00,2089,26,0,12680,60.27
16,"2026-05-11",1554,129.00,2146,44,0,11593,60.31
7,"2026-02-11",1564,136.00,2493,19,0,3369,69.87
7,"2026-02-12",1704,106.00,2040,15,0,12354,69.81
7,"2026-02-13",1771,124.00,2432,20,0,14235,69.86
7,"2026-02-14",1523,132.00,2176,44,0,13873,69.73
7,"2026-02-15",1649,80.00,2274,37,1,10197,69.61
7,"2026-02-16",1792,116.00,2491,28,0,7260,69.53
7,"2026-02-17",1629,80.00,2010,46,1,5230,69.56
7,"2026-02-18",1674,138.00,2079,58,0,9941,69.41
7,"2026-02-19",1654,93.00,2154,36,0,13817,69.30
7,"2026-02-20",1643,109.00,2135,21,0,6616,69.23
7,"2026-02-21",1510,83.00,2035,46,0,9719,69.23
7,"2026-02-22",1593,125.00,2020,24,0,7416,69.23
7,"2026-02-23",1787,134.00,2085,46,0,8909,69.10
7,"2026-02-24",1557,121.00,2086,50,1,14490,69.02
7,"2026-02-25",1635,124.00,2489,40,0,3208,68.98
7,"2026-02-26",1558,109.00,2213,18,0,7620,68.85
7,"2026-02-27",1603,88.00,2335,55,0,11446,68.86
7,"2026-02-28",1669,135.00,2388,26,1,3428,68.91
7,"2026-03-01",1593,83.00,2446,47,1,8043,68.77
7,"2026-03-02",1720,119.00,2463,56,1,14090,68.80
7,"2026-03-03",1564,92.00,2218,16,0,8723,68.80
7,"2026-03-04",1618,89.00,2220,33,0,11604,68.67
7,"2026-03-05",1717,105.00,2116,33,1,8361,68.54
7,"2026-03-06",1666,100.00,2023,38,1,9676,68.50
7,"2026-03-07",1546,132.00,2363,56,1,14983,68.45
7,"2026-03-08",1717,142.00,2161,50,1,13078,68.31
7,"2026-03-09",1729,97.00,2415,31,0,5412,68.19
7,"2026-03-10",1650,129.00,2181,47,1,10283,68.15
7,"2026-03-11",1589,110.00,2361,41,0,8802,68.17
7,"2026-03-12",1528,112.00,2395,22,0,5705,68.13
7,"2026-03-13",1610,128.00,2127,26,0,10364,68.12
7,"2026-03-14",1662,85.00,2304,28,1,10026,68.08
7,"2026-03-15",1730,106.00,2481,40,1,12437,68.06
7,"2026-03-16",1746,131.00,2064,39,0,5421,68.02
7,"2026-03-17",1558,148.00,2432,43,1,11827,68.02
7,"2026-03-18",1762,134.00,2096,43,1,8322,68.02
7,"2026-03-19",1504,113.00,2149,19,0,14288,68.00
7,"2026-03-20",1599,142.00,2260,17,0,4127,67.95
7,"2026-03-21",1666,129.00,2407,16,0,3647,67.93
7,"2026-03-22",1706,124.00,2215,48,0,14836,67.94
7,"2026-03-23",1669,125.00,2028,40,0,7231,67.92
7,"2026-03-24",1648,84.00,2186,19,0,3223,67.81
7,"2026-03-25",1592,99.00,2014,48,0,14654,67.71
7,"2026-03-26",1675,119.00,2019,55,0,10708,67.66
7,"2026-03-27",1504,109.00,2420,45,0,7559,67.70
7,"2026-03-28",1707,110.00,2344,20,1,11127,67.74
7,"2026-03-29",1675,148.00,2393,29,1,3619,67.67
7,"2026-03-30",1696,94.00,2075,34,1,14485,67.68
7,"2026-03-31",1578,134.00,2495,29,0,6853,67.66
7,"2026-04-01",1519,82.00,2277,45,0,14042,67.62
7,"2026-04-02",1570,114.00,2346,50,1,11691,67.54
7,"2026-04-03",1689,112.00,2187,43,0,6924,67.57
7,"2026-04-04",1797,117.00,2205,43,1,14719,67.57
7,"2026-04-05",1719,142.00,2433,43,1,11895,67.42
7,"2026-04-06",1681,83.00,2299,56,0,5180,67.33
7,"2026-04-07",1644,139.00,2070,56,1,13281,67.19
7,"2026-04-08",1659,82.00,2320,52,0,8770,67.23
7,"2026-04-09",1670,116.00,2388,29,1,4099,67.13
7,"2026-04-10",1512,91.00,2289,15,0,4010,67.16
7,"2026-04-11",1644,144.00,2458,35,1,13042,67.12
7,"2026-04-12",1605,85.00,2105,48,0,3960,67.17
7,"2026-04-13",1761,129.00,2098,58,1,14062,67.04
7,"2026-04-14",1710,81.00,2223,35,0,14918,66.92
7,"2026-04-15",1703,95.00,2497,41,1,4176,66.86
7,"2026-04-16",1795,149.00,2238,58,0,13429,66.82
7,"2026-04-17",1599,96.00,2492,40,0,14594,66.86
7,"2026-04-18",1548,125.00,2247,25,1,6420,66.85
7,"2026-04-19",1729,117.00,2228,30,1,3265,66.89
7,"2026-04-20",1507,138.00,2303,46,1,9242,66.83
7,"2026-04-21",1721,82.00,2329,31,1,11525,66.86
7,"2026-04-22",1586,131.00,2106,46,1,4978,66.89
7,"2026-04-23",1749,108.00,2144,52,0,4308,66.87
7,"2026-04-24",1576,133.00,2023,42,1,6724,66.85
7,"2026-04-25",1532,108.00,2001,52,1,13403,66.81
7,"2026-04-26",1769,127.00,2476,58,0,5420,66.74
7,"2026-04-27",1509,102.00,2401,40,0,11757,66.75
7,"2026-04-28",1560,138.00,2155,33,1,14775,66.77
7,"2026-04-29",1788,115.00,2090,29,1,6682,66.76
7,"2026-04-30",1505,148.00,2484,30,1,7915,66.67
7,"2026-05-01",1682,119.00,2399,50,1,10781,66.62
7,"2026-05-02",1618,119.00,2261,32,1,7111,66.47
7,"2026-05-03",1653,93.00,2436,32,1,9169,66.44
7,"2026-05-04",1747,101.00,2373,23,0,12337,66.36
7,"2026-05-05",1751,147.00,2483,33,0,10371,66.26
7,"2026-05-06",1756,94.00,2197,32,0,7462,66.14
7,"2026-05-07",1597,149.00,2269,27,1,10013,66.02
7,"2026-05-08",1647,132.00,2094,38,0,3292,65.92
7,"2026-05-09",1563,101.00,2277,23,1,5390,65.81
7,"2026-05-10",1764,80.00,2136,28,0,6343,65.86
7,"2026-05-11",1553,87.00,2206,55,1,3071,65.83
8,"2026-02-11",1469,140.00,2076,34,1,7392,109.96
8,"2026-02-12",1343,129.00,2456,49,1,7421,109.93
8,"2026-02-13",1466,115.00,2109,59,0,10715,109.76
8,"2026-02-14",1522,144.00,2280,26,0,14725,109.68
8,"2026-02-15",1595,113.00,2456,50,1,9798,109.47
8,"2026-02-16",1505,122.00,2166,43,0,11394,109.30
8,"2026-02-17",1318,102.00,2264,51,1,3811,109.23
8,"2026-02-18",1472,135.00,2019,39,1,8517,109.14
8,"2026-02-19",1311,128.00,2350,54,1,14724,109.03
8,"2026-02-20",1464,92.00,2471,37,1,5565,108.92
8,"2026-02-21",1563,125.00,2153,25,0,12459,108.93
8,"2026-02-22",1567,93.00,2480,16,0,7688,108.90
8,"2026-02-23",1318,129.00,2395,36,0,6271,108.69
8,"2026-02-24",1526,84.00,2442,44,0,8834,108.53
8,"2026-02-25",1348,132.00,2129,31,1,6918,108.39
8,"2026-02-26",1321,126.00,2286,30,0,7891,108.27
8,"2026-02-27",1374,133.00,2108,39,1,9347,108.20
8,"2026-02-28",1450,118.00,2084,53,1,10925,108.14
8,"2026-03-01",1370,141.00,2478,52,0,3145,107.97
8,"2026-03-02",1535,90.00,2203,40,0,7162,107.80
8,"2026-03-03",1531,141.00,2258,49,1,13958,107.75
8,"2026-03-04",1449,80.00,2452,58,0,11283,107.67
8,"2026-03-05",1378,84.00,2420,38,1,14198,107.47
8,"2026-03-06",1428,95.00,2483,51,1,4677,107.33
8,"2026-03-07",1391,117.00,2403,30,1,7006,107.18
8,"2026-03-08",1592,109.00,2472,21,1,9015,106.95
8,"2026-03-09",1562,90.00,2065,17,0,11776,106.80
8,"2026-03-10",1383,122.00,2381,46,0,11572,106.61
8,"2026-03-11",1513,82.00,2360,51,1,10123,106.48
8,"2026-03-12",1445,87.00,2064,51,1,6027,106.35
8,"2026-03-13",1320,90.00,2063,42,0,7909,106.20
8,"2026-03-14",1531,130.00,2423,41,1,7307,106.13
8,"2026-03-15",1420,124.00,2164,36,0,13623,106.11
8,"2026-03-16",1524,147.00,2332,45,1,7665,105.94
8,"2026-03-17",1324,100.00,2481,27,1,12046,105.87
8,"2026-03-18",1372,92.00,2365,31,1,8979,105.69
8,"2026-03-19",1521,120.00,2143,59,0,14678,105.66
8,"2026-03-20",1474,105.00,2013,22,0,5794,105.64
8,"2026-03-21",1435,105.00,2036,53,1,9326,105.64
8,"2026-03-22",1516,140.00,2181,25,1,3974,105.63
8,"2026-03-23",1419,144.00,2300,18,0,4307,105.61
8,"2026-03-24",1470,108.00,2123,36,0,7182,105.42
8,"2026-03-25",1496,90.00,2303,42,0,3109,105.41
8,"2026-03-26",1457,130.00,2004,23,0,13047,105.28
8,"2026-03-27",1534,93.00,2190,29,0,14128,105.08
8,"2026-03-28",1474,119.00,2027,32,0,13115,104.85
8,"2026-03-29",1527,113.00,2083,23,1,6986,104.67
8,"2026-03-30",1514,113.00,2051,53,1,11796,104.58
8,"2026-03-31",1522,108.00,2371,41,1,9668,104.45
8,"2026-04-01",1530,136.00,2003,59,1,11025,104.32
8,"2026-04-02",1586,106.00,2383,18,0,5389,104.25
8,"2026-04-03",1500,104.00,2022,51,0,8270,104.08
8,"2026-04-04",1562,84.00,2407,49,0,5717,103.92
8,"2026-04-05",1434,92.00,2328,53,1,11517,103.84
8,"2026-04-06",1531,111.00,2168,31,1,11107,103.70
8,"2026-04-07",1421,100.00,2132,54,1,13976,103.51
8,"2026-04-08",1370,117.00,2276,34,1,9631,103.46
8,"2026-04-09",1311,101.00,2116,20,0,9855,103.26
8,"2026-04-10",1484,112.00,2106,34,0,8529,103.19
8,"2026-04-11",1356,127.00,2219,58,1,11148,103.10
8,"2026-04-12",1509,132.00,2023,39,1,11504,103.11
8,"2026-04-13",1444,132.00,2423,20,1,14833,103.03
8,"2026-04-14",1366,106.00,2468,52,0,14398,102.86
8,"2026-04-15",1553,121.00,2432,43,1,8814,102.64
8,"2026-04-16",1452,124.00,2005,56,1,10497,102.41
8,"2026-04-17",1532,93.00,2415,22,1,7111,102.25
8,"2026-04-18",1444,112.00,2325,21,0,11840,102.20
8,"2026-04-19",1597,107.00,2147,55,1,10959,102.07
8,"2026-04-20",1505,98.00,2192,16,0,5571,102.08
8,"2026-04-21",1329,95.00,2349,53,0,7023,101.93
8,"2026-04-22",1452,134.00,2344,32,1,14535,101.77
8,"2026-04-23",1484,102.00,2277,45,1,13851,101.64
8,"2026-04-24",1527,127.00,2428,16,0,14522,101.56
8,"2026-04-25",1455,129.00,2326,24,1,4869,101.44
8,"2026-04-26",1330,88.00,2316,36,1,9001,101.23
8,"2026-04-27",1305,129.00,2195,48,1,11855,101.17
8,"2026-04-28",1306,94.00,2470,48,0,8620,100.98
8,"2026-04-29",1545,122.00,2341,46,0,12505,100.98
8,"2026-04-30",1488,107.00,2269,53,1,10788,100.87
8,"2026-05-01",1393,130.00,2334,43,0,12094,100.83
8,"2026-05-02",1319,90.00,2448,29,1,7815,100.67
8,"2026-05-03",1574,88.00,2304,33,0,12319,100.45
8,"2026-05-04",1354,149.00,2273,32,0,5175,100.35
8,"2026-05-05",1545,127.00,2211,32,1,13194,100.28
8,"2026-05-06",1464,83.00,2213,16,1,13650,100.15
8,"2026-05-07",1304,102.00,2190,46,0,8607,99.93
8,"2026-05-08",1370,108.00,2488,49,1,14632,99.83
8,"2026-05-09",1457,141.00,2291,33,1,11156,99.82
8,"2026-05-10",1448,140.00,2082,38,1,13017,99.78
8,"2026-05-11",1596,121.00,2321,32,0,11797,99.66
9,"2026-02-11",2513,112.00,2256,40,1,11094,75.00
9,"2026-02-12",2597,124.00,2067,44,1,13913,75.16
9,"2026-02-13",2809,100.00,2119,49,1,10144,75.16
9,"2026-02-14",2821,132.00,2147,39,0,10795,75.16
9,"2026-02-15",2841,82.00,2446,33,0,9435,75.26
9,"2026-02-16",2674,138.00,2373,16,0,4019,75.26
9,"2026-02-17",2728,105.00,2159,44,0,11315,75.27
9,"2026-02-18",2808,94.00,2032,57,1,13808,75.42
9,"2026-02-19",2514,110.00,2435,32,1,8549,75.55
9,"2026-02-20",2535,137.00,2345,29,0,11200,75.54
9,"2026-02-21",2670,112.00,2359,40,0,14532,75.57
9,"2026-02-22",2687,103.00,2352,30,1,4373,75.62
9,"2026-02-23",2890,98.00,2035,31,0,9859,75.68
9,"2026-02-24",2841,88.00,2084,19,0,6629,75.83
9,"2026-02-25",2721,142.00,2013,37,0,11846,76.00
9,"2026-02-26",2824,103.00,2396,35,0,13023,76.15
9,"2026-02-27",2526,149.00,2095,59,1,4389,76.21
9,"2026-02-28",2656,106.00,2171,22,1,4706,76.31
9,"2026-03-01",2614,83.00,2220,17,1,3568,76.35
9,"2026-03-02",2982,101.00,2103,48,0,5138,76.49
9,"2026-03-03",2937,91.00,2259,50,0,3528,76.60
9,"2026-03-04",2657,113.00,2181,39,0,10870,76.59
9,"2026-03-05",2626,111.00,2458,44,1,13912,76.72
9,"2026-03-06",2688,119.00,2471,46,1,13935,76.77
9,"2026-03-07",2923,121.00,2225,18,0,5900,76.82
9,"2026-03-08",2754,118.00,2348,56,1,8051,76.94
9,"2026-03-09",2701,133.00,2447,33,0,7857,77.08
9,"2026-03-10",2541,122.00,2421,59,0,9788,77.14
9,"2026-03-11",2538,87.00,2212,48,1,14734,77.12
9,"2026-03-12",2802,128.00,2319,54,0,12072,77.10
9,"2026-03-13",2552,101.00,2188,54,1,10772,77.28
9,"2026-03-14",2688,104.00,2231,27,0,4993,77.30
9,"2026-03-15",2545,145.00,2128,51,0,8696,77.38
9,"2026-03-16",2522,112.00,2237,28,1,14889,77.37
9,"2026-03-17",2866,120.00,2307,19,1,7595,77.44
9,"2026-03-18",2509,131.00,2174,45,0,9447,77.48
9,"2026-03-19",2568,88.00,2462,44,0,9478,77.54
9,"2026-03-20",2942,140.00,2468,58,1,13205,77.53
9,"2026-03-21",2819,96.00,2366,30,1,5484,77.58
9,"2026-03-22",2829,90.00,2205,34,1,11906,77.64
9,"2026-03-23",2580,106.00,2046,45,1,7808,77.66
9,"2026-03-24",2680,80.00,2328,28,0,6513,77.78
9,"2026-03-25",2589,92.00,2434,17,0,11552,77.95
9,"2026-03-26",2917,81.00,2031,56,1,10074,78.04
9,"2026-03-27",2915,148.00,2461,22,0,13369,78.19
9,"2026-03-28",2566,91.00,2228,57,0,7856,78.25
9,"2026-03-29",2624,122.00,2119,58,1,8033,78.34
9,"2026-03-30",2645,124.00,2165,55,0,7127,78.52
9,"2026-03-31",2523,104.00,2234,15,0,13857,78.53
9,"2026-04-01",2834,148.00,2372,20,1,10421,78.71
9,"2026-04-02",2566,140.00,2323,21,0,3951,78.82
9,"2026-04-03",2605,125.00,2229,35,1,9701,78.99
9,"2026-04-04",2857,85.00,2307,25,0,12599,79.00
9,"2026-04-05",2674,89.00,2094,41,0,12828,78.98
9,"2026-04-06",2698,91.00,2273,34,0,10855,78.96
9,"2026-04-07",2647,128.00,2426,22,1,3414,79.03
9,"2026-04-08",2613,137.00,2492,29,1,3205,79.19
9,"2026-04-09",2665,145.00,2127,24,1,6746,79.24
9,"2026-04-10",2521,130.00,2091,28,1,12482,79.33
9,"2026-04-11",2728,143.00,2485,22,1,7379,79.47
9,"2026-04-12",2729,108.00,2305,50,0,5990,79.50
9,"2026-04-13",2537,108.00,2475,24,0,4545,79.50
9,"2026-04-14",2610,135.00,2014,54,0,3631,79.59
9,"2026-04-15",2508,105.00,2231,33,1,12185,79.65
9,"2026-04-16",2813,146.00,2397,50,0,3657,79.73
9,"2026-04-17",2646,84.00,2480,52,0,4874,79.83
9,"2026-04-18",2779,147.00,2022,32,1,6506,79.82
9,"2026-04-19",2523,125.00,2008,45,1,9832,79.91
9,"2026-04-20",2889,85.00,2367,43,1,14625,80.07
9,"2026-04-21",2589,91.00,2195,30,1,7106,80.05
9,"2026-04-22",2798,97.00,2327,33,0,5315,80.07
9,"2026-04-23",2796,98.00,2157,19,1,3713,80.16
9,"2026-04-24",2979,123.00,2344,58,0,9690,80.19
9,"2026-04-25",2942,87.00,2301,54,0,9893,80.26
9,"2026-04-26",2519,130.00,2062,29,1,4752,80.39
9,"2026-04-27",2687,131.00,2474,23,0,7560,80.53
9,"2026-04-28",2707,118.00,2215,35,1,10601,80.58
9,"2026-04-29",2995,96.00,2458,53,0,4316,80.70
9,"2026-04-30",2790,114.00,2216,37,0,7433,80.84
9,"2026-05-01",2934,102.00,2420,40,1,9052,80.92
9,"2026-05-02",2958,140.00,2149,25,0,10538,80.90
9,"2026-05-03",2871,148.00,2431,20,1,14664,80.94
9,"2026-05-04",2652,140.00,2148,24,1,12207,81.11
9,"2026-05-05",2677,133.00,2166,54,1,9151,81.23
9,"2026-05-06",2696,123.00,2255,51,0,9123,81.25
9,"2026-05-07",2953,90.00,2289,19,1,4290,81.42
9,"2026-05-08",2661,91.00,2126,50,1,13582,81.57
9,"2026-05-09",2696,119.00,2461,56,1,7181,81.58
9,"2026-05-10",2716,85.00,2334,19,0,7678,81.74
9,"2026-05-11",2972,91.00,2246,57,1,14724,81.76
10,"2026-02-11",2059,101.00,2248,16,0,11932,60.04
10,"2026-02-12",2000,146.00,2321,22,1,6470,60.02
10,"2026-02-13",2104,118.00,2381,59,0,14593,60.03
10,"2026-02-14",2155,123.00,2450,50,0,14098,60.03
10,"2026-02-15",2033,81.00,2350,56,0,6256,59.99
10,"2026-02-16",2106,116.00,2314,31,1,11168,59.98
10,"2026-02-17",2036,90.00,2441,46,1,6073,59.96
10,"2026-02-18",2196,95.00,2056,36,1,6654,59.93
10,"2026-02-19",2085,82.00,2341,22,0,10629,59.95
10,"2026-02-20",2143,87.00,2370,52,0,9486,59.98
10,"2026-02-21",2180,118.00,2181,17,1,9980,59.95
10,"2026-02-22",2040,98.00,2056,38,1,13366,59.95
10,"2026-02-23",2110,128.00,2388,53,0,3756,59.90
10,"2026-02-24",2147,81.00,2053,24,1,6312,59.86
10,"2026-02-25",2137,113.00,2195,47,0,4568,59.89
10,"2026-02-26",2077,116.00,2196,43,0,10108,59.92
10,"2026-02-27",2065,115.00,2112,47,1,13890,59.95
10,"2026-02-28",2091,129.00,2491,50,1,10968,59.96
10,"2026-03-01",2062,108.00,2392,21,0,13711,59.97
10,"2026-03-02",2159,130.00,2163,33,0,10129,59.93
10,"2026-03-03",2078,129.00,2164,43,1,14645,59.90
10,"2026-03-04",2056,140.00,2467,42,0,5747,59.91
10,"2026-03-05",2056,146.00,2122,49,1,5750,59.92
10,"2026-03-06",2151,94.00,2040,59,1,13768,59.93
10,"2026-03-07",2139,145.00,2237,25,0,9935,59.93
10,"2026-03-08",2120,94.00,2211,27,0,8759,59.96
10,"2026-03-09",2135,100.00,2413,29,0,13267,59.92
10,"2026-03-10",2126,127.00,2286,22,1,8715,59.91
10,"2026-03-11",2125,107.00,2173,18,1,8397,59.92
10,"2026-03-12",2018,88.00,2207,22,0,10212,59.88
10,"2026-03-13",2142,105.00,2199,49,1,3943,59.92
10,"2026-03-14",2058,141.00,2392,55,0,14881,59.91
10,"2026-03-15",2192,138.00,2095,44,0,8341,59.91
10,"2026-03-16",2135,133.00,2229,21,1,14909,59.88
10,"2026-03-17",2003,149.00,2315,46,1,3809,59.88
10,"2026-03-18",2059,127.00,2442,40,1,13760,59.90
10,"2026-03-19",2193,144.00,2065,53,0,14162,59.90
10,"2026-03-20",2059,136.00,2408,27,0,9459,59.94
10,"2026-03-21",2008,89.00,2311,50,1,12783,59.97
10,"2026-03-22",2025,93.00,2490,17,1,5843,59.94
10,"2026-03-23",2150,131.00,2274,57,1,10089,59.90
10,"2026-03-24",2021,145.00,2212,18,1,5605,59.92
10,"2026-03-25",2092,123.00,2225,56,0,13463,59.87
10,"2026-03-26",2087,123.00,2387,28,1,13119,59.86
10,"2026-03-27",2000,106.00,2392,53,1,8932,59.87
10,"2026-03-28",2120,130.00,2051,38,0,7334,59.90
10,"2026-03-29",2174,82.00,2050,54,0,8394,59.86
10,"2026-03-30",2190,108.00,2060,26,0,4062,59.90
10,"2026-03-31",2044,88.00,2130,25,0,11944,59.90
10,"2026-04-01",2095,115.00,2159,48,0,5390,59.95
10,"2026-04-02",2168,114.00,2289,46,0,13881,59.94
10,"2026-04-03",2134,116.00,2021,20,1,3338,59.97
10,"2026-04-04",2062,116.00,2408,19,0,8681,60.02
10,"2026-04-05",2122,126.00,2297,42,0,14580,60.02
10,"2026-04-06",2198,130.00,2336,43,1,12789,60.02
10,"2026-04-07",2133,112.00,2086,23,0,9665,60.02
10,"2026-04-08",2050,121.00,2285,31,1,6817,60.07
10,"2026-04-09",2122,142.00,2142,55,1,14062,60.02
10,"2026-04-10",2087,140.00,2057,58,0,13870,60.06
10,"2026-04-11",2166,115.00,2133,15,1,3571,60.10
10,"2026-04-12",2035,85.00,2379,56,0,5122,60.08
10,"2026-04-13",2134,113.00,2160,18,1,3955,60.07
10,"2026-04-14",2131,82.00,2261,51,1,7783,60.09
10,"2026-04-15",2093,137.00,2276,41,1,8571,60.07
10,"2026-04-16",2107,89.00,2412,50,1,8015,60.04
10,"2026-04-17",2131,114.00,2175,40,1,11339,60.00
10,"2026-04-18",2119,98.00,2062,28,1,13422,59.99
10,"2026-04-19",2128,101.00,2052,50,1,5182,59.95
10,"2026-04-20",2034,82.00,2150,38,1,8172,59.94
10,"2026-04-21",2099,117.00,2332,52,1,8954,59.95
10,"2026-04-22",2029,148.00,2158,35,0,4878,59.93
10,"2026-04-23",2015,90.00,2358,44,0,10427,59.96
10,"2026-04-24",2156,86.00,2455,31,0,6332,59.93
10,"2026-04-25",2005,121.00,2405,46,0,12079,59.91
10,"2026-04-26",2140,87.00,2373,55,0,5803,59.91
10,"2026-04-27",2020,141.00,2367,37,1,11809,59.89
10,"2026-04-28",2160,146.00,2062,44,0,6280,59.89
10,"2026-04-29",2129,91.00,2150,37,1,7382,59.84
10,"2026-04-30",2195,85.00,2229,27,0,9717,59.80
10,"2026-05-01",2143,81.00,2003,57,1,14048,59.84
10,"2026-05-02",2020,140.00,2236,22,1,5411,59.79
10,"2026-05-03",2082,132.00,2313,53,1,6962,59.81
10,"2026-05-04",2011,139.00,2158,40,0,14818,59.81
10,"2026-05-05",2121,84.00,2412,49,0,4556,59.77
10,"2026-05-06",2125,135.00,2056,58,1,3612,59.81
10,"2026-05-07",2125,108.00,2100,23,0,14430,59.85
10,"2026-05-08",2069,88.00,2298,56,1,6935,59.86
10,"2026-05-09",2137,146.00,2043,24,0,7178,59.87
10,"2026-05-10",2069,104.00,2256,40,1,6577,59.90
10,"2026-05-11",2177,82.00,2133,44,0,8327,59.86
11,"2026-02-11",1561,84.00,2003,38,0,6653,119.92
11,"2026-02-12",1324,124.00,2249,22,1,9912,119.85
11,"2026-02-13",1384,81.00,2254,58,0,14173,119.62
11,"2026-02-14",1376,120.00,2201,59,0,10690,119.53
11,"2026-02-15",1459,146.00,2315,24,0,7358,119.28
11,"2026-02-16",1393,147.00,2212,54,1,7112,119.22
11,"2026-02-17",1302,129.00,2037,38,0,8190,119.09
11,"2026-02-18",1385,109.00,2127,39,1,3381,118.87
11,"2026-02-19",1554,140.00,2027,33,1,5616,118.81
11,"2026-02-20",1520,97.00,2033,29,0,3823,118.79
11,"2026-02-21",1364,123.00,2046,50,1,6578,118.79
11,"2026-02-22",1520,136.00,2184,26,0,9681,118.70
11,"2026-02-23",1575,92.00,2173,33,0,3985,118.45
11,"2026-02-24",1531,140.00,2328,59,0,6822,118.42
11,"2026-02-25",1333,114.00,2496,19,0,10761,118.24
11,"2026-02-26",1599,125.00,2078,45,0,9734,118.15
11,"2026-02-27",1493,104.00,2297,28,1,11667,117.96
11,"2026-02-28",1472,135.00,2248,38,1,8895,117.83
11,"2026-03-01",1449,115.00,2308,49,0,12842,117.83
11,"2026-03-02",1381,82.00,2193,54,0,8911,117.68
11,"2026-03-03",1426,111.00,2099,30,1,14408,117.48
11,"2026-03-04",1399,114.00,2261,53,0,3291,117.41
11,"2026-03-05",1337,122.00,2012,39,0,12658,117.38
11,"2026-03-06",1541,111.00,2172,42,1,9394,117.38
11,"2026-03-07",1566,96.00,2087,52,1,13626,117.39
11,"2026-03-08",1554,85.00,2311,32,0,9083,117.34
11,"2026-03-09",1345,95.00,2115,51,1,12495,117.34
11,"2026-03-10",1512,87.00,2058,15,0,3189,117.28
11,"2026-03-11",1598,135.00,2228,40,0,4021,117.23
11,"2026-03-12",1378,101.00,2225,58,1,10643,117.14
11,"2026-03-13",1364,133.00,2260,37,1,10232,116.90
11,"2026-03-14",1364,107.00,2078,46,0,5378,116.71
11,"2026-03-15",1312,96.00,2343,30,0,8536,116.57
11,"2026-03-16",1354,99.00,2145,48,0,12887,116.40
11,"2026-03-17",1334,90.00,2050,38,1,3227,116.30
11,"2026-03-18",1349,103.00,2015,46,0,8854,116.22
11,"2026-03-19",1450,120.00,2494,15,1,3252,116.22
11,"2026-03-20",1369,136.00,2105,18,0,9426,116.15
11,"2026-03-21",1306,123.00,2094,35,1,4669,116.07
11,"2026-03-22",1382,113.00,2008,52,1,8795,116.00
11,"2026-03-23",1474,105.00,2103,39,0,14202,115.95
11,"2026-03-24",1386,114.00,2118,15,0,8470,115.72
11,"2026-03-25",1591,148.00,2003,31,1,9410,115.58
11,"2026-03-26",1490,95.00,2088,24,0,5674,115.45
11,"2026-03-27",1568,121.00,2011,47,0,7136,115.34
11,"2026-03-28",1581,143.00,2008,44,0,3859,115.19
11,"2026-03-29",1349,114.00,2427,26,0,10918,115.19
11,"2026-03-30",1435,133.00,2337,48,0,10030,115.04
11,"2026-03-31",1586,82.00,2484,33,1,7862,114.87
11,"2026-04-01",1429,146.00,2237,54,0,13105,114.85
11,"2026-04-02",1525,135.00,2170,22,0,14139,114.66
11,"2026-04-03",1461,95.00,2047,24,0,8760,114.60
11,"2026-04-04",1555,149.00,2186,23,0,4431,114.39
11,"2026-04-05",1405,123.00,2483,49,0,9981,114.17
11,"2026-04-06",1321,109.00,2028,54,0,8215,114.19
11,"2026-04-07",1432,105.00,2111,59,1,6383,114.05
11,"2026-04-08",1323,118.00,2314,16,1,3697,113.88
11,"2026-04-09",1473,133.00,2082,37,0,9595,113.66
11,"2026-04-10",1599,124.00,2173,24,0,10102,113.49
11,"2026-04-11",1422,97.00,2143,56,1,3665,113.30
11,"2026-04-12",1569,81.00,2071,35,1,5326,113.16
11,"2026-04-13",1408,109.00,2095,49,0,11551,113.13
11,"2026-04-14",1596,123.00,2222,40,0,7086,112.97
11,"2026-04-15",1494,93.00,2124,27,1,11093,112.76
11,"2026-04-16",1487,94.00,2317,44,1,6845,112.72
11,"2026-04-17",1378,106.00,2415,45,1,8563,112.62
11,"2026-04-18",1522,106.00,2381,55,0,7249,112.48
11,"2026-04-19",1526,123.00,2413,31,0,10704,112.33
11,"2026-04-20",1496,123.00,2374,15,0,5256,112.21
11,"2026-04-21",1324,137.00,2455,15,0,6544,112.11
11,"2026-04-22",1572,122.00,2196,45,0,13253,112.11
11,"2026-04-23",1438,115.00,2112,18,1,9438,111.91
11,"2026-04-24",1301,116.00,2266,20,1,5721,111.80
11,"2026-04-25",1429,110.00,2229,26,1,14360,111.61
11,"2026-04-26",1470,97.00,2150,27,0,12545,111.43
11,"2026-04-27",1393,132.00,2353,39,0,6738,111.42
11,"2026-04-28",1553,116.00,2279,42,0,11991,111.28
11,"2026-04-29",1517,101.00,2013,30,1,11766,111.20
11,"2026-04-30",1389,145.00,2162,36,0,14328,111.19
11,"2026-05-01",1537,121.00,2404,44,1,11040,111.10
11,"2026-05-02",1438,136.00,2058,25,0,11289,111.06
11,"2026-05-03",1340,83.00,2071,49,1,4646,111.06
11,"2026-05-04",1549,100.00,2192,45,1,6624,111.02
11,"2026-05-05",1456,144.00,2087,20,0,7992,110.93
11,"2026-05-06",1408,125.00,2261,37,1,5460,110.85
11,"2026-05-07",1377,102.00,2252,19,1,14358,110.82
11,"2026-05-08",1305,102.00,2154,44,0,9230,110.63
11,"2026-05-09",1510,114.00,2017,39,1,7350,110.64
11,"2026-05-10",1583,83.00,2173,52,1,8136,110.61
11,"2026-05-11",1575,131.00,2499,22,1,9686,110.40
12,"2026-02-11",2897,129.00,2067,37,0,8350,55.02
12,"2026-02-12",2975,108.00,2389,20,0,12366,55.16
12,"2026-02-13",2753,90.00,2225,43,1,9635,55.21
12,"2026-02-14",2897,127.00,2189,58,1,7031,55.39
12,"2026-02-15",2671,104.00,2312,41,0,8951,55.37
12,"2026-02-16",2824,111.00,2432,37,1,4115,55.45
12,"2026-02-17",2530,102.00,2172,19,0,5415,55.48
12,"2026-02-18",2577,104.00,2466,25,0,6553,55.46
12,"2026-02-19",2564,123.00,2297,17,0,10394,55.58
12,"2026-02-20",2540,85.00,2262,44,0,9083,55.71
12,"2026-02-21",2513,96.00,2494,43,1,9173,55.78
12,"2026-02-22",2561,148.00,2449,53,1,14070,55.91
12,"2026-02-23",2944,129.00,2277,56,1,3347,55.96
12,"2026-02-24",2528,93.00,2454,24,1,12977,55.94
12,"2026-02-25",2800,132.00,2262,16,1,8011,56.01
12,"2026-02-26",2743,139.00,2427,51,1,12331,56.16
12,"2026-02-27",2866,123.00,2215,36,0,7326,56.20
12,"2026-02-28",2915,117.00,2188,16,1,6722,56.23
12,"2026-03-01",2677,133.00,2213,49,1,14501,56.27
12,"2026-03-02",2651,128.00,2476,22,1,4391,56.30
12,"2026-03-03",2618,86.00,2240,22,0,5567,56.40
12,"2026-03-04",2645,138.00,2336,43,1,6965,56.47
12,"2026-03-05",2979,146.00,2008,50,1,4463,56.47
12,"2026-03-06",2532,85.00,2439,51,1,11585,56.63
12,"2026-03-07",2593,127.00,2018,39,0,11600,56.80
12,"2026-03-08",2589,111.00,2187,26,1,3753,56.81
12,"2026-03-09",2589,94.00,2145,31,0,11374,56.82
12,"2026-03-10",2729,86.00,2155,33,1,3937,56.86
12,"2026-03-11",2987,115.00,2308,59,0,8380,56.91
12,"2026-03-12",2808,81.00,2254,19,0,4942,56.89
12,"2026-03-13",2730,104.00,2463,17,0,5224,56.95
12,"2026-03-14",2963,91.00,2287,22,1,8336,57.08
12,"2026-03-15",2557,84.00,2235,33,0,6744,57.17
12,"2026-03-16",2675,137.00,2421,31,0,6847,57.26
12,"2026-03-17",2617,144.00,2162,45,1,14070,57.32
12,"2026-03-18",2772,89.00,2027,20,1,12592,57.47
12,"2026-03-19",2630,125.00,2297,54,0,10011,57.49
12,"2026-03-20",2616,135.00,2143,34,0,12634,57.60
12,"2026-03-21",2614,114.00,2492,44,0,11034,57.66
12,"2026-03-22",2894,142.00,2021,43,1,3318,57.75
12,"2026-03-23",2609,95.00,2032,43,1,7901,57.74
12,"2026-03-24",2791,94.00,2047,40,0,3474,57.85
12,"2026-03-25",2644,101.00,2023,48,1,9151,57.95
12,"2026-03-26",2802,131.00,2323,37,1,8712,57.97
12,"2026-03-27",2797,114.00,2453,40,0,8647,58.06
12,"2026-03-28",2666,117.00,2410,31,1,9452,58.15
12,"2026-03-29",2541,137.00,2333,57,1,13685,58.29
12,"2026-03-30",2574,93.00,2426,40,1,13298,58.45
12,"2026-03-31",2777,124.00,2485,58,0,11228,58.59
12,"2026-04-01",2711,123.00,2229,52,1,5630,58.61
12,"2026-04-02",2957,84.00,2485,51,1,9120,58.61
12,"2026-04-03",2547,85.00,2177,42,1,5110,58.66
12,"2026-04-04",2819,88.00,2111,49,0,10902,58.69
12,"2026-04-05",2716,109.00,2343,15,1,10942,58.81
12,"2026-04-06",2867,132.00,2255,24,1,4272,58.91
12,"2026-04-07",2743,147.00,2413,23,1,8452,59.07
12,"2026-04-08",2515,120.00,2304,40,0,6205,59.07
12,"2026-04-09",2943,121.00,2247,33,1,7380,59.10
12,"2026-04-10",2753,131.00,2307,53,1,12003,59.18
12,"2026-04-11",2590,137.00,2480,50,1,14548,59.30
12,"2026-04-12",2907,149.00,2253,52,1,13690,59.42
12,"2026-04-13",2792,120.00,2092,43,1,7385,59.47
12,"2026-04-14",2532,83.00,2382,16,0,6013,59.54
12,"2026-04-15",2504,109.00,2055,32,0,14590,59.63
12,"2026-04-16",2938,145.00,2386,44,0,4748,59.76
12,"2026-04-17",2872,85.00,2307,48,1,11096,59.88
12,"2026-04-18",2584,86.00,2249,36,0,10838,60.06
12,"2026-04-19",2901,123.00,2073,45,1,11974,60.08
12,"2026-04-20",2706,88.00,2266,56,1,8119,60.18
12,"2026-04-21",2860,84.00,2379,55,0,7903,60.25
12,"2026-04-22",2776,95.00,2069,55,0,3477,60.30
12,"2026-04-23",2778,81.00,2267,36,0,3469,60.31
12,"2026-04-24",2772,101.00,2171,47,0,8070,60.44
12,"2026-04-25",2805,141.00,2097,54,1,13447,60.49
12,"2026-04-26",2665,146.00,2024,34,0,9971,60.51
12,"2026-04-27",2598,90.00,2147,37,1,12717,60.62
12,"2026-04-28",2824,140.00,2327,22,1,10189,60.62
12,"2026-04-29",2842,147.00,2291,31,0,6780,60.73
12,"2026-04-30",2965,128.00,2251,34,1,11066,60.85
12,"2026-05-01",2548,122.00,2023,43,0,11603,60.88
12,"2026-05-02",2782,142.00,2493,34,0,8292,60.91
12,"2026-05-03",2577,127.00,2089,43,0,9165,60.92
12,"2026-05-04",2570,110.00,2224,18,0,3988,60.95
12,"2026-05-05",2602,83.00,2430,36,1,12283,61.04
12,"2026-05-06",2863,113.00,2042,30,0,12164,61.08
12,"2026-05-07",2941,108.00,2495,42,0,9559,61.12
12,"2026-05-08",2529,118.00,2451,30,1,4299,61.12
12,"2026-05-09",2783,140.00,2002,39,0,12392,61.18
12,"2026-05-10",2700,138.00,2251,22,0,14439,61.27
12,"2026-05-11",2732,102.00,2012,26,0,3692,61.42
13,"2026-02-11",1597,85.00,2380,34,0,4489,94.90
13,"2026-02-12",1523,132.00,2128,36,0,14489,94.77
13,"2026-02-13",1672,136.00,2112,23,1,12312,94.73
13,"2026-02-14",1714,83.00,2070,19,0,7221,94.71
13,"2026-02-15",1577,91.00,2132,48,0,5910,94.65
13,"2026-02-16",1537,97.00,2271,32,0,11313,94.61
13,"2026-02-17",1515,148.00,2125,30,1,6650,94.59
13,"2026-02-18",1799,129.00,2242,26,0,4984,94.45
13,"2026-02-19",1573,133.00,2420,48,0,10688,94.41
13,"2026-02-20",1551,98.00,2077,40,0,3312,94.35
13,"2026-02-21",1691,139.00,2364,46,0,5672,94.35
13,"2026-02-22",1767,80.00,2474,28,0,3949,94.22
13,"2026-02-23",1588,116.00,2061,59,0,10721,94.17
13,"2026-02-24",1716,133.00,2284,35,0,10065,94.11
13,"2026-02-25",1565,106.00,2468,31,0,13907,94.08
13,"2026-02-26",1723,133.00,2408,34,1,8261,94.00
13,"2026-02-27",1578,103.00,2410,21,1,4535,93.88
13,"2026-02-28",1531,133.00,2269,24,1,6206,93.92
13,"2026-03-01",1590,96.00,2357,45,0,11719,93.94
13,"2026-03-02",1520,144.00,2059,44,1,4911,93.99
13,"2026-03-03",1769,115.00,2485,54,0,11642,93.94
13,"2026-03-04",1745,122.00,2487,43,0,12495,93.91
13,"2026-03-05",1712,113.00,2498,27,0,5313,93.95
13,"2026-03-06",1704,148.00,2330,17,0,13013,94.00
13,"2026-03-07",1701,84.00,2155,48,0,6025,94.05
13,"2026-03-08",1584,136.00,2365,46,0,14924,93.99
13,"2026-03-09",1571,92.00,2049,39,0,9179,94.00
13,"2026-03-10",1534,136.00,2327,44,1,11388,93.92
13,"2026-03-11",1712,82.00,2470,29,1,7726,93.88
13,"2026-03-12",1740,124.00,2326,20,0,4372,93.77
13,"2026-03-13",1558,115.00,2336,44,1,13348,93.80
13,"2026-03-14",1579,132.00,2010,17,1,8772,93.83
13,"2026-03-15",1794,143.00,2383,53,1,6277,93.73
13,"2026-03-16",1646,110.00,2126,35,1,10443,93.70
13,"2026-03-17",1586,130.00,2376,41,0,4257,93.67
13,"2026-03-18",1530,122.00,2199,15,0,11889,93.66
13,"2026-03-19",1628,88.00,2375,22,0,14441,93.57
13,"2026-03-20",1558,149.00,2382,35,1,14181,93.43
13,"2026-03-21",1557,94.00,2025,36,1,6268,93.44
13,"2026-03-22",1778,114.00,2135,49,1,14614,93.48
13,"2026-03-23",1683,94.00,2350,25,1,5151,93.46
13,"2026-03-24",1581,124.00,2494,57,0,10685,93.43
13,"2026-03-25",1601,131.00,2321,42,0,14627,93.40
13,"2026-03-26",1766,124.00,2248,56,1,5144,93.38
13,"2026-03-27",1626,93.00,2006,21,1,12005,93.40
13,"2026-03-28",1790,126.00,2141,37,1,7921,93.28
13,"2026-03-29",1791,90.00,2378,15,0,13361,93.30
13,"2026-03-30",1633,130.00,2224,39,1,14123,93.22
13,"2026-03-31",1695,106.00,2463,16,1,13363,93.13
13,"2026-04-01",1537,93.00,2417,24,1,11589,93.04
13,"2026-04-02",1621,141.00,2380,48,0,13672,92.93
13,"2026-04-03",1695,88.00,2408,17,1,10409,92.93
13,"2026-04-04",1524,108.00,2118,34,1,5702,92.80
13,"2026-04-05",1706,110.00,2053,53,1,6989,92.82
13,"2026-04-06",1657,105.00,2091,33,1,9066,92.73
13,"2026-04-07",1510,113.00,2208,26,1,3768,92.77
13,"2026-04-08",1581,136.00,2272,31,1,13070,92.73
13,"2026-04-09",1622,125.00,2055,43,1,4681,92.76
13,"2026-04-10",1796,96.00,2368,34,1,7793,92.63
13,"2026-04-11",1778,120.00,2342,29,0,4018,92.67
13,"2026-04-12",1622,86.00,2083,55,0,5130,92.63
13,"2026-04-13",1770,89.00,2357,42,0,9127,92.57
13,"2026-04-14",1753,110.00,2052,45,1,3765,92.47
13,"2026-04-15",1676,89.00,2141,46,0,5607,92.42
13,"2026-04-16",1732,91.00,2367,23,1,8308,92.43
13,"2026-04-17",1784,119.00,2054,25,0,8269,92.48
13,"2026-04-18",1773,143.00,2324,24,1,10670,92.43
13,"2026-04-19",1508,90.00,2184,18,1,3465,92.31
13,"2026-04-20",1722,89.00,2286,24,1,14068,92.33
13,"2026-04-21",1761,117.00,2222,51,0,7092,92.20
13,"2026-04-22",1794,131.00,2148,29,1,10813,92.13
13,"2026-04-23",1615,83.00,2400,51,0,5157,92.13
13,"2026-04-24",1552,114.00,2001,48,0,13922,92.04
13,"2026-04-25",1771,147.00,2257,30,1,8212,91.93
13,"2026-04-26",1739,139.00,2366,30,0,8461,91.82
13,"2026-04-27",1572,98.00,2445,32,0,14316,91.73
13,"2026-04-28",1508,144.00,2171,51,1,14738,91.68
13,"2026-04-29",1625,135.00,2206,36,1,3614,91.67
13,"2026-04-30",1730,91.00,2050,49,0,14465,91.70
13,"2026-05-01",1764,103.00,2447,15,0,14332,91.75
13,"2026-05-02",1645,105.00,2164,43,0,9185,91.78
13,"2026-05-03",1786,110.00,2072,34,0,11903,91.72
13,"2026-05-04",1694,126.00,2247,23,1,3695,91.77
13,"2026-05-05",1706,81.00,2257,19,1,8010,91.76
13,"2026-05-06",1588,96.00,2445,15,0,9000,91.81
13,"2026-05-07",1554,90.00,2002,20,0,7511,91.68
13,"2026-05-08",1738,103.00,2295,44,0,8279,91.58
13,"2026-05-09",1797,125.00,2029,46,0,8748,91.51
13,"2026-05-10",1588,131.00,2422,40,1,4064,91.54
13,"2026-05-11",1745,122.00,2325,41,1,3175,91.48
14,"2026-02-11",2060,135.00,2359,31,0,7719,80.03
14,"2026-02-12",2085,113.00,2329,18,1,8573,80.02
14,"2026-02-13",2121,91.00,2027,20,0,12715,80.00
14,"2026-02-14",2118,149.00,2253,49,1,11126,80.00
14,"2026-02-15",2015,133.00,2484,42,1,8371,80.05
14,"2026-02-16",2014,80.00,2003,26,1,5883,80.08
14,"2026-02-17",2018,107.00,2363,23,1,10786,80.07
14,"2026-02-18",2055,125.00,2092,37,1,10655,80.05
14,"2026-02-19",2005,137.00,2008,36,0,10101,80.06
14,"2026-02-20",2152,148.00,2428,44,1,5293,80.04
14,"2026-02-21",2167,84.00,2466,53,1,5342,79.99
14,"2026-02-22",2029,133.00,2272,41,1,12508,80.03
14,"2026-02-23",2187,98.00,2069,57,1,3392,80.04
14,"2026-02-24",2021,128.00,2260,45,1,11690,80.03
14,"2026-02-25",2000,96.00,2498,35,1,11733,79.99
14,"2026-02-26",2090,134.00,2380,47,1,6944,79.98
14,"2026-02-27",2133,96.00,2120,50,0,7859,80.00
14,"2026-02-28",2129,107.00,2264,55,1,8666,79.98
14,"2026-03-01",2154,138.00,2205,40,0,9235,79.96
14,"2026-03-02",2085,81.00,2207,20,0,8584,79.92
14,"2026-03-03",2011,111.00,2435,32,1,12694,79.89
14,"2026-03-04",2090,121.00,2156,42,0,14490,79.85
14,"2026-03-05",2036,104.00,2314,17,1,14990,79.90
14,"2026-03-06",2172,144.00,2076,18,0,11929,79.90
14,"2026-03-07",2192,100.00,2104,47,0,7728,79.86
14,"2026-03-08",2037,107.00,2427,36,0,9884,79.82
14,"2026-03-09",2003,114.00,2441,35,1,12647,79.77
14,"2026-03-10",2156,143.00,2319,40,1,11744,79.72
14,"2026-03-11",2044,103.00,2363,23,1,12825,79.67
14,"2026-03-12",2095,129.00,2140,56,0,11505,79.69
14,"2026-03-13",2077,148.00,2329,44,0,11243,79.64
14,"2026-03-14",2030,102.00,2455,59,1,4182,79.61
14,"2026-03-15",2014,92.00,2082,59,1,11519,79.64
14,"2026-03-16",2112,82.00,2093,47,1,9084,79.62
14,"2026-03-17",2026,122.00,2135,30,1,10782,79.61
14,"2026-03-18",2037,143.00,2119,17,1,3998,79.60
14,"2026-03-19",2171,130.00,2088,45,0,11991,79.64
14,"2026-03-20",2159,99.00,2197,17,1,12059,79.62
14,"2026-03-21",2159,103.00,2293,31,1,5218,79.62
14,"2026-03-22",2113,86.00,2277,27,0,4766,79.58
14,"2026-03-23",2006,85.00,2135,17,0,11912,79.58
14,"2026-03-24",2111,91.00,2050,55,0,5806,79.54
14,"2026-03-25",2131,137.00,2303,44,1,6904,79.55
14,"2026-03-26",2003,125.00,2366,48,0,6246,79.53
14,"2026-03-27",2147,110.00,2325,26,1,13031,79.49
14,"2026-03-28",2169,131.00,2288,27,1,7846,79.51
14,"2026-03-29",2074,128.00,2036,24,0,3327,79.52
14,"2026-03-30",2003,104.00,2109,48,1,7598,79.56
14,"2026-03-31",2188,124.00,2482,37,1,3288,79.58
14,"2026-04-01",2001,120.00,2277,53,1,13048,79.61
14,"2026-04-02",2029,88.00,2151,50,1,12312,79.66
14,"2026-04-03",2187,85.00,2217,55,1,8043,79.70
14,"2026-04-04",2166,144.00,2125,54,0,13762,79.68
14,"2026-04-05",2094,137.00,2195,22,1,6672,79.66
14,"2026-04-06",2126,126.00,2374,15,0,4839,79.65
14,"2026-04-07",2090,88.00,2391,38,0,7982,79.69
14,"2026-04-08",2121,147.00,2143,19,1,11244,79.72
14,"2026-04-09",2011,85.00,2118,34,1,12702,79.71
14,"2026-04-10",2094,92.00,2168,39,1,4264,79.69
14,"2026-04-11",2054,105.00,2161,20,1,3549,79.70
14,"2026-04-12",2026,101.00,2275,29,0,5074,79.67
14,"2026-04-13",2106,104.00,2400,26,1,4058,79.68
14,"2026-04-14",2028,123.00,2400,44,0,9094,79.70
14,"2026-04-15",2004,129.00,2051,21,0,12979,79.73
14,"2026-04-16",2126,82.00,2244,40,1,7407,79.72
14,"2026-04-17",2095,95.00,2021,35,1,9737,79.75
14,"2026-04-18",2130,145.00,2176,59,1,14635,79.76
14,"2026-04-19",2103,134.00,2320,21,0,6757,79.74
14,"2026-04-20",2199,112.00,2342,52,0,8627,79.70
14,"2026-04-21",2014,118.00,2196,41,0,12272,79.69
14,"2026-04-22",2082,122.00,2482,57,0,5563,79.69
14,"2026-04-23",2157,105.00,2241,25,1,8672,79.71
14,"2026-04-24",2033,136.00,2066,31,0,14079,79.66
14,"2026-04-25",2144,141.00,2115,52,1,6924,79.61
14,"2026-04-26",2025,143.00,2235,53,0,8515,79.60
14,"2026-04-27",2094,123.00,2361,45,1,9283,79.61
14,"2026-04-28",2073,86.00,2108,37,0,11658,79.66
14,"2026-04-29",2113,143.00,2345,34,0,8643,79.64
14,"2026-04-30",2096,120.00,2289,38,0,7718,79.61
14,"2026-05-01",2162,135.00,2104,35,0,11070,79.62
14,"2026-05-02",2076,137.00,2437,53,0,13603,79.60
14,"2026-05-03",2192,91.00,2401,37,1,8760,79.55
14,"2026-05-04",2004,102.00,2038,40,0,11829,79.51
14,"2026-05-05",2010,95.00,2423,34,0,6299,79.52
14,"2026-05-06",2121,98.00,2159,32,0,12555,79.49
14,"2026-05-07",2026,146.00,2174,21,0,11782,79.46
14,"2026-05-08",2073,130.00,2080,19,0,11664,79.48
14,"2026-05-09",2014,103.00,2244,46,1,5239,79.45
14,"2026-05-10",2070,91.00,2192,27,0,12532,79.46
14,"2026-05-11",2150,87.00,2435,18,0,12760,79.43
15,"2026-02-11",2944,132.00,2173,43,1,12090,85.16
15,"2026-02-12",2892,109.00,2208,39,0,3442,85.27
15,"2026-02-13",2696,81.00,2473,52,0,4009,85.44
15,"2026-02-14",2641,94.00,2313,34,1,6384,85.53
15,"2026-02-15",2712,98.00,2064,46,1,10417,85.65
15,"2026-02-16",2626,93.00,2205,47,0,13160,85.83
15,"2026-02-17",2760,135.00,2293,39,0,4897,85.97
15,"2026-02-18",2950,101.00,2347,44,1,14156,85.98
15,"2026-02-19",2689,137.00,2000,15,0,5664,86.07
15,"2026-02-20",2851,146.00,2056,41,0,9204,86.18
15,"2026-02-21",2840,148.00,2271,50,0,7613,86.21
15,"2026-02-22",2938,123.00,2016,37,0,10381,86.33
15,"2026-02-23",2627,114.00,2430,58,1,14455,86.39
15,"2026-02-24",2518,105.00,2008,55,0,10594,86.39
15,"2026-02-25",2816,134.00,2444,54,1,10216,86.45
15,"2026-02-26",2908,85.00,2129,26,1,4138,86.54
15,"2026-02-27",2653,123.00,2247,46,0,6824,86.60
15,"2026-02-28",2912,97.00,2360,42,1,14394,86.65
15,"2026-03-01",2977,104.00,2015,40,0,14691,86.65
15,"2026-03-02",2966,128.00,2038,34,1,5110,86.76
15,"2026-03-03",2839,127.00,2479,45,1,10372,86.77
15,"2026-03-04",2776,97.00,2200,36,1,3295,86.81
15,"2026-03-05",2856,94.00,2140,45,1,13233,86.97
15,"2026-03-06",2816,148.00,2309,34,1,5946,87.04
15,"2026-03-07",2648,86.00,2109,45,1,10825,87.12
15,"2026-03-08",2584,121.00,2024,23,1,4085,87.17
15,"2026-03-09",2888,132.00,2037,57,1,5152,87.21
15,"2026-03-10",2985,145.00,2049,44,1,10897,87.21
15,"2026-03-11",2573,142.00,2354,32,0,6182,87.21
15,"2026-03-12",2951,134.00,2441,37,0,10184,87.23
15,"2026-03-13",2669,114.00,2161,31,1,8341,87.31
15,"2026-03-14",2815,126.00,2340,53,0,11514,87.36
15,"2026-03-15",2748,139.00,2379,47,0,11322,87.47
15,"2026-03-16",2801,89.00,2053,47,0,14943,87.52
15,"2026-03-17",2984,94.00,2393,50,1,14890,87.55
15,"2026-03-18",2650,112.00,2103,33,0,7485,87.58
15,"2026-03-19",2780,87.00,2290,41,1,6747,87.62
15,"2026-03-20",2765,126.00,2241,17,1,9677,87.70
15,"2026-03-21",2652,104.00,2292,20,0,4228,87.85
15,"2026-03-22",2982,99.00,2333,45,1,14096,87.94
15,"2026-03-23",2790,99.00,2056,19,1,4255,88.04
15,"2026-03-24",2631,92.00,2188,44,1,8295,88.09
15,"2026-03-25",2676,95.00,2192,51,1,7165,88.12
15,"2026-03-26",2773,123.00,2319,34,1,6172,88.24
15,"2026-03-27",2900,141.00,2311,41,0,13560,88.39
15,"2026-03-28",2646,129.00,2017,45,1,9074,88.41
15,"2026-03-29",2956,144.00,2493,51,1,13490,88.54
15,"2026-03-30",2897,101.00,2421,55,0,9782,88.59
15,"2026-03-31",2679,90.00,2005,26,0,6312,88.65
15,"2026-04-01",2519,108.00,2018,49,1,9848,88.78
15,"2026-04-02",2841,124.00,2366,50,0,8501,88.80
15,"2026-04-03",2672,97.00,2188,36,0,6255,88.89
15,"2026-04-04",2799,89.00,2204,16,0,3408,88.92
15,"2026-04-05",2774,80.00,2136,51,0,5481,88.99
15,"2026-04-06",2560,148.00,2149,18,1,3337,89.07
15,"2026-04-07",2609,104.00,2455,29,1,13335,89.23
15,"2026-04-08",2917,109.00,2437,55,0,7368,89.26
15,"2026-04-09",2823,145.00,2291,41,0,11688,89.25
15,"2026-04-10",2996,119.00,2215,19,0,4936,89.30
15,"2026-04-11",2783,90.00,2448,19,0,5424,89.36
15,"2026-04-12",2787,133.00,2240,23,0,10342,89.38
15,"2026-04-13",2805,100.00,2360,22,1,12681,89.39
15,"2026-04-14",2955,117.00,2151,22,1,5727,89.37
15,"2026-04-15",2652,101.00,2312,26,0,7086,89.50
15,"2026-04-16",2915,98.00,2372,20,0,12133,89.59
15,"2026-04-17",2649,133.00,2085,19,0,13459,89.64
15,"2026-04-18",2972,89.00,2405,28,1,8546,89.71
15,"2026-04-19",2886,82.00,2128,25,1,4848,89.87
15,"2026-04-20",2925,115.00,2449,55,1,14923,90.01
15,"2026-04-21",2811,90.00,2380,26,1,7320,90.07
15,"2026-04-22",2523,86.00,2017,55,1,10912,90.11
15,"2026-04-23",2630,109.00,2068,58,0,7936,90.19
15,"2026-04-24",2725,98.00,2378,19,0,6441,90.24
15,"2026-04-25",2965,98.00,2342,25,1,9371,90.41
15,"2026-04-26",2590,110.00,2134,37,1,13750,90.51
15,"2026-04-27",2964,117.00,2311,21,0,10285,90.66
15,"2026-04-28",2764,115.00,2133,31,1,11783,90.67
15,"2026-04-29",2900,98.00,2030,45,0,7252,90.75
15,"2026-04-30",2907,95.00,2084,27,1,14470,90.81
15,"2026-05-01",2567,102.00,2405,41,0,4855,90.80
15,"2026-05-02",2597,131.00,2269,38,0,10144,90.89
15,"2026-05-03",2965,111.00,2376,51,1,5293,91.04
15,"2026-05-04",2689,140.00,2437,49,0,5383,91.02
15,"2026-05-05",2586,110.00,2131,42,0,5423,91.16
15,"2026-05-06",2586,92.00,2048,56,0,5259,91.17
15,"2026-05-07",2628,144.00,2465,18,0,13856,91.22
15,"2026-05-08",2967,100.00,2431,29,0,9227,91.30
15,"2026-05-09",2791,145.00,2038,56,0,10100,91.34
15,"2026-05-10",2733,134.00,2249,51,1,11916,91.35
15,"2026-05-11",2921,134.00,2376,41,1,6855,91.52
